id;street_address;postal_code;city;state_province
1;Secured Program;the program Ghana;West Hopefort;Soft Colombia
2;installation International generating;Chief;Lake Jovanburgh;Gold harness
3;neural;e-commerce Reverse-engineered Directives;South Douglasfort;Outdoors
4;pink;SCSI;East Connermouth;Fuerte Sports
5;17(E.U.A.-17) Frozen Venezuela;analyzer;St. Louis;extend help-desk Cambridgeshire
6;Exclusive cutting-edge;compelling Beauty;Easterton;Principal mobile
7;infomediaries Guadeloupe Licensed;Missouri JBOD;Roelchester;Jewelery Bacon
8;Licensed Forward;connect Toys Assurance;East Colemanland;blockchains
9;Refined Nicaragua synthesize;digital withdrawal;McGlynnbury;IB
10;Parks;utilisation Gardens;Warner Robins;Bhutanese extensible
